id;building i;level;age;acces_poin;time;comment;function;population;;;
31;17;1;2;12;4;gallery;art;1;;art;2
81;9;4;2;25;4;tseh22;art;2;;educaition;13
1;7;1;2;35;1;colledge1st fl;educaition;2;;;
119;14;1;2;32;1;med college;education;1;;entertainment;4
120;14;2;2;32;1;med college;education;1;;office;36
121;14;3;2;32;1;med college;education;1;;production;17
122;14;4;2;32;1;med college;education;1;;restaurant;6
123;14;5;2;32;1;med college;education;1;;retail;4
124;14;6;2;32;1;med college;education;1;;service;15
125;14;7;2;32;1;med college;education;1;;empty;42
53;22;1;2;19;1;FabLab;education;1;;;
2;7;2;2;35;1;colledge2nd fl;education;2;;;
3;7;3;2;35;1;colledge3rd fl;education;2;;;
4;7;4;2;35;1;colledge4th fl;education;2;;;
17;1;5;2;1;4;make it center;education;2;;;
42;19;2;0;15;0;n/a;emply;0
62;11;4;0;22;n/a;n/a;empty;1
63;11;5;0;22;n/a;n/a;empty;1
61;11;3;0;22;n/a;n/a;empty;1
60;11;2;0;22;n/a;n/a;empty;1
110;18;1;0;10;n/a;n/a;empty;0
112;18;4;0;10;n/a;n/a;empty;0
113;18;2;0;10;n/a;n/a;empty;0
114;18;3;0;10;n/a;n/a;empty;0
35;16;1;0;13;n/a;n/a;empty;0
36;16;2;0;13;n/a;n/a;empty;0
37;13;1;0;14;n/a;n/a;empty;0
38;13;2;0;14;n/a;n/a;empty;0
39;13;3;0;14;n/a;n/a;empty;0
40;13;4;0;14;n/a;n/a;empty;0
43;19;3;0;15;0;n/a;empty;0
44;19;4;0;15;0;n/a;empty;0
51;22;1;0;19;n/a;n/a;empty;0
52;22;2;0;19;n/a;n/a;empty;0
46;21;1;0;16;n/a;n/a;empty;0
47;21;1;0;17;n/a;n/a;empty;0
45;20;1;0;41;n/a;cotelnaya;empty;0
84;9;3;0;26;n/a;n/a;empty;0
80;9;3;0;25;n/a;n/a;empty;0
83;9;2;0;26;n/a;n/a;empty;0
93;8;1;0;29;n/a;n/a;empty;0
94;8;2;0;29;n/a;n/a;empty;0
95;8;3;0;29;n/a;n/a;empty;0
96;8;4;0;29;n/a;n/a;empty;0
97;6;1;0;29;n/a;n/a;empty;0
98;6;2;0;29;n/a;n/a;empty;0
75;4;2;0;23;1;sklad;empty;1
76;4;3;0;23;1;sklad;empty;1
77;4;4;0;23;1;sklad;empty;1
12;1;3;0;3;0;n/a;empty;0
13;1;4;0;3;0;n/a;empty;0
15;1;4;0;1;0;n/a;empty;0
16;1;5;0;1;0;n/a;empty;0
64;12;1;0;9;n/a;n/a;empty;0
65;12;2;0;9;n/a;n/a;empty;0
66;12;3;0;9;n/a;n/a;empty;0
67;12;4;0;9;n/a;n/a;empty;0
78;9;1;2;24;3;a2;entertainment;3
8;1;1;3;2;2;burlesque entrance;entertainment;3
11;1;2;3;2;2;burlesque2nd floor;entertainment;3
72;12;3;3;7;2;nightclub;entertainment;2
133;15;1;3;33;1;government;office;1
134;15;2;3;33;1;government;office;1
135;15;3;3;33;1;government;office;1
136;15;4;3;33;1;government;office;1
137;15;5;3;33;1;government;office;1
138;15;6;3;33;1;government;office;1
139;15;7;3;33;1;government;office;1
115;24;1;3;36;1;n/a;office;1
116;24;2;3;36;1;n/a;office;1
117;24;3;3;36;1;n/a;office;1
118;24;4;3;36;1;n/a;office;1
41;19;1;3;15;1;n/a;office;1
89;10;1;3;28;1;bc karpovka;office;2
90;10;2;3;28;1;bc karpovka;office;2
91;10;3;3;28;1;bc karpovka;office;2
92;10;4;3;28;1;bc karpovka;office;2
57;23;2;3;20;1;n/a;office;1
58;23;3;3;21;1;n/a;office;1
54;22;2;3;19;1;n/a;office;1
55;22;3;3;19;1;n/a;office;1
79;9;2;3;24;1;a2;office;1
87;9;3;3;27;1;n/a;office;1
86;9;2;3;27;1;n/a;office;1
99;3;1;3;30;1;n/a;office;1
100;3;2;3;30;1;n/a;office;1
101;3;3;3;30;1;n/a;office;1
102;3;4;3;30;1;n/a;office;1
103;3;5;3;30;1;n/a;office;1
105;5;2;3;31;1;n/a;office;1
106;5;3;3;31;1;n/a;office;1
107;5;4;3;31;1;n/a;office;1
108;5;5;3;31;1;n/a;office;1
69;12;1;3;8;1;n/a;office;1
70;12;1;3;7;1;garant;office;2
71;12;2;3;7;1;garant;office;2
73;12;4;3;7;2;office;office;1
111;18;4;3;10;1;institut geoproekynii;production;1
30;17;1;3;11;1;group M;production;1
32;17;2;3;11;1;group M;production;1
33;17;3;3;11;1;group M;production;1
34;17;4;3;11;1;group M;production;1
126;15;1;3;33;1;proektnii institut;production;1
127;15;2;3;33;1;proektnii institut;production;1
128;15;3;3;33;1;proektnii institut;production;1
129;15;4;3;33;1;proektnii institut;production;1
130;15;5;3;33;1;proektnii institut;production;1
131;15;6;3;33;1;proektnii institut;production;1
132;15;7;3;33;1;proektnii institut;production;1
56;23;1;3;20;1;poligraphy;production;1
48;21;1;3;17;1;laborotory;production;1
49;21;2;3;17;1;laborotory;production;1
82;9;1;3;26;1;sklad;production;1
74;4;1;3;23;1;sklad;production;1
88;10;1;3;28;4;vasabi;restaurant;2
50;22;1;3;18;1;stolovaya;restaurant;1
104;5;1;3;31;1;pelmennaya;restaurant;2
7;1;1;3;2;4;chou chou;restaurant;2
18;1;5;2;1;4;krysha bar;restaurant;2
68;12;1;3;1;4;mister chan;restaurant;1
109;18;1;3;10;4;interiernii salon;retail;1
85;9;1;3;27;1;n/a;retail;1
5;1;1;3;3;4;ugly fashion shop;retail;2
6;1;1;0;2;4;produkti;retail;3
59;11;1;3;22;1;KEY;service;1
19;2;1;3;4;4;stomatology;service;2
20;2;1;3;4;4;helix;service;2
21;2;1;3;6;1;helix;service;1
22;2;2;3;6;1;helix;service;1
23;2;3;3;6;1;helix;service;1
24;2;4;3;6;1;helix;service;1
25;2;1;3;5;1;helix;service;1
26;2;2;3;5;1;helix;service;1
27;2;3;3;5;1;helix;service;1
28;2;4;3;5;1;helix;service;1
29;2;2;3;4;1;helix;service;1
9;1;1;0;1;4;salon krasoti;service;2
10;1;2;2;3;4;salon strijki;service;1
14;1;3;0;1;0;hotel;service;0
